source,sport,date,home,away,pick,win_prob,rating,ml_odds,ats_side,ats_line,cover_prob,ats_rating,logged,home_pts,away_pts,ml_result,ml_units,ats_result,ats_units,top10,ml_home,ml_away,open_ml_home,open_ml_away,mkt_prob,ev,book,clv
live,mlb,2026-10-05,CLE,CWS,CWS,0.521773931588679,red,,,,,,2026-10-05,3.0,4.0,W,,,,2.0,,,,,,,,
live,mlb,2026-10-05,TB,NYY,NYY,0.5148351733508212,red,,,,,,2026-10-05,5.0,2.0,L,,,,3.0,,,,,,,,
live,nfl,2026-10-05,NO,ATL,NO,0.6518772155787194,yellow,-122.0,ATL,1.5,0.5143656905721725,red,2026-10-05,24.0,45.0,L,-1.0,W,0.9090909090909091,1.0,,,,,,,,
live,mlb,2026-10-06,ATL,LAD,LAD,0.5232940034226075,red,-103.0,,,,,2026-10-06,1.0,3.0,W,0.970873786407767,,,2.0,-104.0,-103.0,-104.0,-103.0,0.5021645958699511,0.0313464339299933,BetOnline.ag,0.0
live,mlb,2026-10-06,SD,MIL,MIL,0.552608960690333,red,122.0,,,,,2026-10-06,4.0,3.0,L,-1.0,,,1.0,-131.0,122.0,-131.0,122.0,0.4460406650060823,0.2267918927325394,BetOnline.ag,0.0
live,cfb,2026-10-07,Florida International,New Mexico State,Florida International,0.652063713883787,yellow,-245.0,Florida International,-6.5,0.5025918575157873,red,2026-10-07,22.0,3.0,W,0.40816326530612246,W,0.9090909090909091,1.0,-245.0,215.0,-225.0,203.0,0.6886829164750415,-0.0817878314697692,FanDuel,0.01783723522853964
live,cfb,2026-10-07,Kennesaw State,Jacksonville State,Jacksonville State,0.5711775277040103,red,-148.0,Kennesaw State,2.75,0.5026094329888467,red,2026-10-07,26.0,27.0,W,0.6756756756756757,W,0.9090909090909091,2.0,130.0,-148.0,125.0,-144.0,0.5798319327731092,-0.0428917103338205,BetRivers,0.006610259122157625
live,cfb,2026-10-07,Troy,Southern Miss,Troy,0.7094890026177713,green,-400.0,Troy,-9.5,0.5024133837844688,red,2026-10-07,55.0,34.0,W,0.25,W,0.9090909090909091,1.0,-400.0,350.0,-400.0,350.0,0.7735849056603773,-0.1131387467277859,FanDuel,0.0
live,mlb,2026-10-07,ATL,LAD,LAD,0.5258307163065699,red,-147.0,,,,,2026-10-07,1.0,4.0,W,0.6802721088435374,,,5.0,138.0,-147.0,-104.0,-103.0,0.5800559925343287,-0.116461313416852,BetUS,0.08775253784328185
live,mlb,2026-10-07,CWS,CLE,CWS,0.537711448728233,red,-121.0,,,,,2026-10-07,3.0,9.0,L,-1.0,,,4.0,-121.0,110.0,-115.0,106.0,0.534834771627026,-0.0178989242236406,BetOnline.ag,0.012627591286962114
live,mlb,2026-10-07,NYY,TB,NYY,0.5252756175673418,red,-162.0,,,,,2026-10-07,3.0,4.0,L,-1.0,,,6.0,-162.0,149.0,-155.0,140.0,0.6047890270835755,-0.1504801740577559,BetRivers,0.01047747343212102
live,mlb,2026-10-07,SD,MIL,MIL,0.5502809126398176,red,100.0,,,,,2026-10-07,1.0,3.0,W,1.0,,,3.0,-108.0,100.0,-131.0,122.0,0.4930284439486893,0.1005618252796352,BetRivers,0.04954954954954954
live,cfb,2026-10-08,Arkansas State,South Alabama,South Alabama,0.5127730339001901,red,160.0,Arkansas State,-3.0,0.5025764592488874,red,2026-10-08,,,,,,,5.0,-130.0,160.0,-111.0,100.0,0.4271601937017533,0.3332098881404943,MyBookie.ag,
live,cfb,2026-10-08,Liberty,Sam Houston,Liberty,0.8957578031263589,green,-2500.0,Liberty,-13.5,0.50339855907385,red,2026-10-08,,,,,,,1.0,-2500.0,1450.0,-575.0,480.0,0.9295979062745044,-0.0684118847485867,BetMGM,
live,cfb,2026-10-08,UTSA,South Florida,South Florida,0.5229558146002483,red,186.0,UTSA,-6.5,0.5022532075937218,red,2026-10-08,,,,,,,4.0,-162.0,186.0,-275.0,240.0,0.3771110620878987,0.4956536297567102,LowVig.ag,
live,cfb,2026-10-08,Western Kentucky,Missouri State,Western Kentucky,0.5084669610137331,red,-230.0,Western Kentucky,0.25,0.5029153332774766,red,2026-10-08,,,,,,,6.0,-230.0,187.0,-135.0,125.0,0.6626384692849949,-0.2704604472411655,Bovada,
live,mlb,2026-10-08,CWS,CLE,CWS,0.5279955782686355,red,101.0,,,,,2026-10-08,5.0,9.0,L,-1.0,,,3.0,101.0,-111.0,-115.0,106.0,0.486051922323835,0.0612711123199574,BetUS,-0.037371283119287224
live,mlb,2026-10-08,NYY,TB,NYY,0.5252484358868027,red,-162.0,,,,,2026-10-08,,,,,,,4.0,-162.0,149.0,-155.0,140.0,0.6047890270835755,-0.1505241345534425,BetRivers,
live,nfl,2026-10-08,DAL,TB,DAL,0.6390513895013543,yellow,-500.0,DAL,-8.5,0.52125880800895,red,2026-10-08,16.0,24.0,L,-1.0,L,-1.0,2.0,-500.0,406.0,-445.0,400.0,0.805251916069858,-0.2331383325983748,BetUS,0.016819571865443472
live,cfb,2026-10-09,Louisville,Florida State,Louisville,0.559116399209074,red,-170.0,Louisville,-3.5,0.5027720967864245,red,2026-10-09,,,,,,,1.0,-170.0,155.0,-170.0,155.0,0.6164383561643836,-0.1119916012561766,BetMGM,
live,mlb,2026-10-09,LAD,ATL,LAD,0.5408759416543816,red,,,,,,2026-10-08,,,,,,,,,,,,,,,
live,mlb,2026-10-09,MIL,SD,MIL,0.565182581121734,red,,,,,,2026-10-08,,,,,,,,,,,,,,,
live,cfb,2026-10-10,Akron,Eastern Michigan,Eastern Michigan,0.656719306586695,yellow,-210.0,Akron,6.5,0.5028757353762472,red,2026-10-10,,,,,,,,182.0,-210.0,230.0,-250.0,0.6547884187082404,-0.03055721408630746,FanDuel,
live,cfb,2026-10-10,Alabama,Georgia,Alabama,0.5224370675504014,red,-118.0,Alabama,-1.75,0.5027957233715794,red,2026-10-10,,,,,,,,-118.0,105.0,-115.0,107.0,0.5324675324675325,-0.03481965486451266,BetMGM,
live,cfb,2026-10-10,App State,Old Dominion,App State,0.6721228011010811,yellow,,App State,-9.25,0.5026856301041611,red,2026-10-10,,,,,,,,,,,,,,,
live,cfb,2026-10-10,Arkansas,Tennessee,Tennessee,0.7709886165043562,green,-520.0,Arkansas,13.5,0.5030112240608794,red,2026-10-10,,,,,,,,415.0,-520.0,435.0,-549.0,0.8118668596237337,-0.08074434186019064,BetUS,
live,cfb,2026-10-10,Army,Tulane,Army,0.5633467748077605,red,-160.0,Army,-3.0,0.5028275603130196,red,2026-10-10,,,,,,,,-160.0,150.0,-155.0,145.0,0.6105581999134574,-0.08456149093738918,BetMGM,
live,cfb,2026-10-10,BYU,Iowa State,BYU,0.6259419775723526,yellow,-450.0,BYU,-10.0,0.5024600712279875,red,2026-10-10,,,,,,,,-450.0,390.0,-400.0,335.0,0.7900104994750262,-0.23495980518934684,MyBookie.ag,
live,cfb,2026-10-10,Bowling Green,Sacramento State,Bowling Green,0.6411834026213614,yellow,-300.0,Bowling Green,-7.5,0.5027201404210764,red,2026-10-10,,,,,,,,-300.0,270.0,-290.0,245.0,0.7328244274809161,-0.14508879650485146,BetUS,
live,cfb,2026-10-10,California,Virginia Tech,Virginia Tech,0.5708470107107342,red,-365.0,California,10.0,0.5034605199191546,red,2026-10-10,,,,,,,,301.0,-365.0,285.0,-345.0,0.7571884984025559,-0.27275654799865373,FanDuel,
live,cfb,2026-10-10,East Carolina,Rice,East Carolina,0.8128355009195785,green,-375.0,East Carolina,-10.0,0.5032039579593178,red,2026-10-10,,,,,,,,-375.0,330.0,-375.0,315.0,0.7613602465944118,0.029591634498132707,FanDuel,
live,cfb,2026-10-10,Florida,South Carolina,Florida,0.7300482989521968,green,-450.0,Florida,-11.25,0.5027392894444466,red,2026-10-10,,,,,,,,-450.0,360.0,-469.0,410.0,0.7900104994750262,-0.1077187457250928,BetMGM,
live,cfb,2026-10-10,Georgia Southern,James Madison,James Madison,0.8010704784267074,green,-285.0,Georgia Southern,7.5,0.5023789995908101,red,2026-10-10,,,,,,,,255.0,-285.0,275.0,-310.0,0.725752508361204,0.0821478392781837,FanDuel,
live,cfb,2026-10-10,Georgia Tech,Duke,Duke,0.5876309991446955,yellow,-225.0,Georgia Tech,6.5,0.5031144923255276,red,2026-10-10,,,,,,,,212.0,-225.0,230.0,-260.0,0.6818181818181819,-0.15119966790210648,FanDuel,
live,cfb,2026-10-10,Kansas State,Houston,Kansas State,0.5850383707190929,yellow,-135.0,Kansas State,-2.5,0.5029415219273397,red,2026-10-10,,,,,,,,-135.0,120.0,-135.0,120.0,0.552594002855783,0.018400126807309902,DraftKings,
live,cfb,2026-10-10,Kentucky,LSU,LSU,0.7598918413720528,green,-320.0,Kentucky,8.5,0.5026447132677839,red,2026-10-10,,,,,,,,295.0,-320.0,290.0,-340.0,0.7395079594790159,-0.0026419581991807273,BetOnline.ag,
live,cfb,2026-10-10,Louisiana Tech,Louisiana,Louisiana Tech,0.5854426085039226,yellow,-150.0,Louisiana Tech,-3.0,0.5029014900803613,red,2026-10-10,,,,,,,,-150.0,135.0,-141.0,130.0,0.5829926410466066,-0.024262319160128998,BetUS,
live,cfb,2026-10-10,Marshall,Coastal Carolina,Marshall,0.5371632401953197,red,-175.0,Marshall,-3.75,0.5026786998453967,red,2026-10-10,,,,,,,,-175.0,170.0,-146.0,130.0,0.6224665518611737,-0.15588633683592623,BetUS,
live,cfb,2026-10-10,Massachusetts,Miami (OH),Miami (OH),0.5148893551930267,red,-185.0,Massachusetts,2.5,0.503024809163623,red,2026-10-10,,,,,,,,165.0,-185.0,112.0,-130.0,0.6314900490282496,-0.20679207443236425,LowVig.ag,
live,cfb,2026-10-10,Memphis,UAB,Memphis,0.8437189915695943,green,-625.0,Memphis,-13.75,0.5030528056018967,red,2026-10-10,,,,,,,,-625.0,500.0,-600.0,575.0,0.8298572996706917,-0.021285969779270608,DraftKings,
live,cfb,2026-10-10,Michigan State,Illinois,Illinois,0.5640316508806007,red,-135.0,Michigan State,2.5,0.5028623753567969,red,2026-10-10,,,,,,,,120.0,-135.0,120.0,-128.0,0.5533294709103482,-0.01816712624488026,BetOnline.ag,
live,cfb,2026-10-10,Missouri,Texas A&M,Missouri,0.5272988623633216,red,-165.0,Missouri,-3.5,0.5026668638551811,red,2026-10-10,,,,,,,,-165.0,155.0,-175.0,155.0,0.6105581999134574,-0.15312606953769564,BetMGM,
live,cfb,2026-10-10,NC State,Wake Forest,Wake Forest,0.5093094620011582,red,-156.0,NC State,3.5,0.5031259423040132,red,2026-10-10,,,,,,,,145.0,-156.0,161.0,-175.0,0.6010838476591902,-0.1642101136391249,FanDuel,
live,cfb,2026-10-10,Navy,Tulsa,Navy,0.5966910672988739,yellow,-120.0,Navy,-2.5,0.5029808511037784,red,2026-10-10,,,,,,,,-120.0,108.0,-130.0,118.0,0.5324675324675325,0.09393362338126882,LowVig.ag,
live,cfb,2026-10-10,Nebraska,Indiana,Indiana,0.7024737499204277,green,-300.0,Nebraska,7.5,0.5027906630414086,red,2026-10-10,,,,,,,,275.0,-300.0,255.0,-295.0,0.7328244274809159,-0.0633683334394298,BetMGM,
live,cfb,2026-10-10,North Texas,Charlotte,North Texas,0.9649480190476051,green,-4500.0,North Texas,-28.25,0.5029033268537899,red,2026-10-10,,,,,,,,-4500.0,2200.0,-4500.0,2200.0,0.9500938521532929,-0.01360869164022592,DraftKings,
live,cfb,2026-10-10,Northern Illinois,Air Force,Air Force,0.659323655251298,yellow,-300.0,Northern Illinois,7.5,0.5029492187700108,red,2026-10-10,,,,,,,,260.0,-300.0,270.0,-295.0,0.725752508361204,-0.12090179299826936,BetMGM,
live,cfb,2026-10-10,Northwestern,Ball State,Northwestern,0.9677008516989489,green,,Northwestern,-37.25,0.5022065135409572,red,2026-10-10,,,,,,,,,,,,,,,
live,cfb,2026-10-10,Notre Dame,Stanford,Notre Dame,0.9960335664483331,green,,Notre Dame,-38.25,0.5031818399551293,red,2026-10-10,,,,,,,,,,,,,,,
live,cfb,2026-10-10,Ohio,Central Michigan,Ohio,0.6231838426073603,yellow,-125.0,Ohio,-3.0,0.503030023286445,red,2026-10-10,,,,,,,,-125.0,115.0,-142.0,130.0,0.5427435387673957,0.12173091669324848,Bovada,
live,cfb,2026-10-10,Ohio State,Maryland,Ohio State,0.9773757967837663,green,-10000.0,Ohio State,-34.5,0.5026365262038933,red,2026-10-10,,,,,,,,-10000.0,3500.0,-25000.0,4500.0,0.9711510996858042,-0.012850445248396044,BetMGM,
live,cfb,2026-10-10,Oklahoma,Texas,Texas,0.6836531501606045,yellow,-300.0,Oklahoma,7.5,0.5028609378139159,red,2026-10-10,,,,,,,,261.0,-300.0,295.0,-325.0,0.7265238879736409,-0.0884624664525274,BetOnline.ag,
live,cfb,2026-10-10,Oklahoma State,UCF,UCF,0.566520954028415,red,350.0,Oklahoma State,-10.75,0.5017571862701818,red,2026-10-10,,,,,,,,-365.0,350.0,-350.0,296.0,0.23075264179426358,1.5493442931278674,DraftKings,
live,cfb,2026-10-10,Oregon,UCLA,Oregon,0.843518163488669,green,-400.0,Oregon,-11.5,0.5032379687638903,red,2026-10-10,,,,,,,,-400.0,325.0,-441.0,370.0,0.7706422018348623,0.054397704360836296,BetOnline.ag,
live,cfb,2026-10-10,Oregon State,San Diego State,Oregon State,0.6454566765925489,yellow,-750.0,Oregon State,-15.5,0.5020728921597372,red,2026-10-10,,,,,,,,-750.0,580.0,-599.0,520.0,0.8483496877787691,-0.2684824331951112,BetMGM,
live,cfb,2026-10-10,Penn State,USC,Penn State,0.6106447457446309,yellow,-120.0,Penn State,-1.5,0.503111115846408,red,2026-10-10,,,,,,,,-120.0,104.0,-110.0,107.0,0.5260865852617197,0.11951536719848999,BetMGM,
live,cfb,2026-10-10,Pittsburgh,North Carolina,Pittsburgh,0.7205627224808362,green,-175.0,Pittsburgh,-3.75,0.5033228629522597,red,2026-10-10,,,,,,,,-175.0,161.0,-175.0,160.0,0.6168582375478927,0.1323128496127426,BetMGM,
live,cfb,2026-10-10,San José State,Wyoming,San José State,0.6716502341391406,yellow,-167.0,San José State,-4.5,0.5030771370418293,red,2026-10-10,,,,,,,,-167.0,145.0,-225.0,200.0,0.6067415730337079,0.07383600308473376,DraftKings,
live,cfb,2026-10-10,Temple,UConn,Temple,0.5450075766254528,red,,Temple,-3.5,0.5027253187250901,red,2026-10-10,,,,,,,,,,,,,,,
live,cfb,2026-10-10,Toledo,Buffalo,Toledo,0.8710970239856967,green,-1100.0,Toledo,-21.0,0.5026122559927862,red,2026-10-10,,,,,,,,-1100.0,846.0,-1400.0,1060.0,0.8874263941808106,-0.049712337470149096,DraftKings,
live,cfb,2026-10-10,UNLV,North Dakota State,North Dakota State,0.534587370447614,red,-130.0,UNLV,3.0,0.503001321120538,red,2026-10-10,,,,,,,,118.0,-130.0,136.0,-148.0,0.551441114716549,-0.05419157536191377,BetMGM,
live,cfb,2026-10-10,UTEP,Nevada,Nevada,0.6809699618702085,yellow,-350.0,UTEP,10.0,0.5030777655800622,red,2026-10-10,,,,,,,,301.0,-350.0,280.0,-345.0,0.7553516819571865,-0.12446719188116048,LowVig.ag,
live,cfb,2026-10-10,Utah State,Washington State,Washington State,0.5943207529908003,yellow,-110.0,Utah State,-5.5,0.502098503806442,red,2026-10-10,,,,,,,,126.0,-110.0,-176.0,172.0,0.5689655172413792,0.13461234661880062,Bovada,
live,cfb,2026-10-10,Vanderbilt,Ole Miss,Vanderbilt,0.506478283816644,red,300.0,Vanderbilt,9.25,0.5036538401197348,red,2026-10-10,,,,,,,,300.0,-325.0,296.0,-360.0,0.2525131418321333,1.0259131352665758,BetRivers,
live,cfb,2026-10-10,Virginia,Syracuse,Virginia,0.7605418036126569,green,-420.0,Virginia,-9.5,0.5030088532369392,red,2026-10-10,,,,,,,,-420.0,380.0,-345.0,295.0,0.782608695652174,-0.05837681457480576,BetUS,
live,cfb,2026-10-10,Washington,Iowa,Iowa,0.5594607111115162,red,-455.0,Washington,-3.0,0.5024222708190977,red,2026-10-10,,,,,,,,1200.0,-455.0,-150.0,140.0,0.9207161125319693,-0.31758089084199675,MyBookie.ag,
live,cfb,2026-10-10,West Virginia,Arizona,Arizona,0.6653719252192434,yellow,-160.0,West Virginia,3.0,0.5025549871678477,red,2026-10-10,,,,,,,,155.0,-160.0,141.0,-160.0,0.6092362344582593,0.08122937848127049,FanDuel,
live,cfb,2026-10-10,Western Michigan,Kent State,Western Michigan,0.8909987521629108,green,-550.0,Western Michigan,-13.5,0.5033646128765915,red,2026-10-10,,,,,,,,-550.0,460.0,-550.0,490.0,0.8204334365325078,0.05299852528344004,BetUS,
live,mlb,2026-10-10,CLE,CWS,CWS,0.5087017430274202,red,121.0,,,,,2026-10-10,,,,,,,,-133.0,121.0,-133.0,121.0,0.4421839713054865,0.1242308520905987,BetOnline.ag,
live,mlb,2026-10-10,TB,NYY,NYY,0.510138013372951,red,,,,,,2026-10-08,,,,,,,,,,,,,,,
live,cfb,2026-10-11,Arizona State,Hawai'i,Arizona State,0.7810202547418367,green,-1600.0,Arizona State,-20.75,0.502166175653999,red,2026-10-10,,,,,,,,-1600.0,1000.0,-1400.0,950.0,0.9039548022598869,-0.17016597933679853,BetMGM,
live,cfb,2026-10-11,Fresno State,Boise State,Boise State,0.5433196908509144,red,-258.0,Fresno State,6.5,0.5032622203167213,red,2026-10-10,,,,,,,,225.0,-258.0,210.0,-240.0,0.701195219123506,-0.24609128168749092,DraftKings,
live,cfb,2026-10-11,Purdue,Minnesota,Minnesota,0.5982429892770578,yellow,-137.0,Purdue,2.5,0.5027474974275788,red,2026-10-10,,,,,,,,120.0,-137.0,114.0,-125.0,0.5583104446588969,0.034916704077829874,FanDuel,
live,cfb,2026-10-11,Utah,Kansas,Utah,0.8436063704700867,green,-650.0,Utah,-15.75,0.502886622478927,red,2026-10-10,,,,,,,,-650.0,570.0,-650.0,505.0,0.8405607476635514,-0.026608034072976905,BetOnline.ag,
live,mlb,2026-10-11,MIL,LAD,MIL,0.525302392111966,red,-105.0,,,,,2026-10-10,,,,,,,,-105.0,-101.0,-109.0,105.0,0.5064960374171755,0.025590384599552762,BetRivers,
live,nfl,2026-10-11,ARI,DET,DET,0.5438408882710011,red,-235.0,DET,-5.5,0.5168668943099337,red,2026-10-10,,,,,,,,215.0,-235.0,203.0,-218.0,0.6841382467383841,-0.2247374571455942,BetRivers,
live,nfl,2026-10-11,ATL,BAL,ATL,0.5123790409755764,red,-170.0,ATL,-3.5,0.517330802524709,red,2026-10-10,,,,,,,,-170.0,155.0,-141.0,135.0,0.6140350877192983,-0.18622152315643747,BetUS,
live,nfl,2026-10-11,GB,CHI,CHI,0.5740587128183691,red,-119.0,GB,1.5,0.5070592278340508,red,2026-10-10,,,,,,,,110.0,-119.0,130.0,-143.0,0.5287958115183247,0.05646099249767078,BetOnline.ag,
live,nfl,2026-10-11,JAX,PHI,JAX,0.7483700874666068,green,-370.0,PHI,7.5,0.5035135172708773,red,2026-10-10,,,,,,,,-370.0,315.0,-278.0,265.0,0.7587757007050039,-0.049367726731607525,BetUS,
live,nfl,2026-10-11,LAC,DEN,DEN,0.5513105965552607,red,-180.0,DEN,-3.5,0.5061244011238715,red,2026-10-10,,,,,,,,170.0,-180.0,157.0,-180.0,0.6229464045246431,-0.14240573869181666,BetUS,
live,nfl,2026-10-11,MIA,CIN,CIN,0.6145771840661276,yellow,-315.0,CIN,-7.0,0.5126983717503811,red,2026-10-10,,,,,,,,280.0,-315.0,310.0,-345.0,0.7379806227530314,-0.19031894797637158,BetRivers,
live,nfl,2026-10-11,NE,LV,NE,0.5953615317647364,yellow,-183.0,NE,-3.5,0.5041627395618994,red,2026-10-10,,,,,,,,-183.0,165.0,-188.0,176.0,0.6321695760598504,-0.07930429787201965,LowVig.ag,
live,nfl,2026-10-11,NO,MIN,MIN,0.6106753862253207,yellow,-134.0,NO,2.5,0.5081862981461774,red,2026-10-10,,,,,,,,120.0,-134.0,115.0,-121.0,0.5620437956204379,0.06640328639347048,FanDuel,
live,nfl,2026-10-11,NYJ,CLE,CLE,0.5022467825305856,red,120.0,NYJ,-2.5,0.5148465644446413,red,2026-10-10,,,,,,,,-130.0,120.0,-129.0,115.0,0.44436181091382354,0.10494292156728835,Bovada,
live,nfl,2026-10-11,PIT,IND,PIT,0.5390233403487416,red,-139.0,PIT,-3.0,0.5107511543364819,red,2026-10-10,,,,,,,,-139.0,130.0,-130.0,125.0,0.5720596355604638,-0.0731900838607969,BetRivers,
live,nfl,2026-10-11,SEA,SF,SEA,0.5367399872249248,red,-162.0,SEA,-3.0,0.5111111340916276,red,2026-10-10,,,,,,,,-162.0,155.0,-150.0,138.0,0.609708848498661,-0.13193903300660315,DraftKings,
live,nfl,2026-10-11,TEN,HOU,HOU,0.5839825995058836,yellow,-350.0,HOU,-7.0,0.517653443883456,red,2026-10-10,,,,,,,,295.0,-350.0,265.0,-286.0,0.7547209621268066,-0.2491652292067211,BetMGM,
live,nfl,2026-10-11,WAS,NYG,WAS,0.5118052195497435,red,-170.0,WAS,-3.5,0.5174208351196383,red,2026-10-10,,,,,,,,-170.0,165.0,-166.0,164.0,0.6247507085126481,-0.1871328865974663,DraftKings,
live,mlb,2026-10-12,MIL,LAD,MIL,0.525302392111966,red,-105.0,,,,,2026-10-10,,,,,,,,-105.0,-101.0,-109.0,105.0,0.5064960374171755,0.025590384599552762,BetRivers,
live,nfl,2026-10-12,LA,BUF,LA,0.566601023243011,red,-167.0,LA,-3.0,0.5063830332866425,red,2026-10-10,,,,,,,,-167.0,153.0,-148.0,142.0,0.6140350877192983,-0.0941169269108747,BetRivers,
live,mlb,2026-10-14,LAD,MIL,MIL,0.5122676381658153,red,,,,,,2026-10-10,,,,,,,,,,,,,,,
live,mlb,2026-10-15,LAD,MIL,MIL,0.5122676381658153,red,,,,,,2026-10-10,,,,,,,,,,,,,,,
live,nfl,2026-10-15,DEN,SEA,SEA,0.5548861185535192,red,-122.0,DEN,1.5,0.5040089390778567,red,2026-10-10,,,,,,,,118.0,-122.0,118.0,-125.0,0.5520971445303444,0.00971080589246942,DraftKings,
live,mlb,2026-10-16,LAD,MIL,MIL,0.5122676381658153,red,,,,,,2026-10-10,,,,,,,,,,,,,,,
live,mlb,2026-10-18,MIL,LAD,MIL,0.525302392111966,red,,,,,,2026-10-10,,,,,,,,,,,,,,,
live,nfl,2026-10-18,ATL,CHI,CHI,0.524497015219268,red,-122.0,CHI,-1.5,0.5007875454933703,red,2026-10-10,,,,,,,,110.0,-122.0,108.0,-122.0,0.5367287169046735,-0.04558739853543042,DraftKings,
live,nfl,2026-10-18,CLE,BAL,BAL,0.5705414203852593,red,-170.0,BAL,-3.0,0.5006772926008058,red,2026-10-10,,,,,,,,160.0,-170.0,120.0,-136.0,0.6153988188578967,-0.0938459793881175,DraftKings,
live,nfl,2026-10-18,GB,DAL,GB,0.513371216163468,red,108.0,DAL,-1.5,0.506735929426897,red,2026-10-10,,,,,,,,,,120.0,-132.0,,,,
live,nfl,2026-10-18,IND,TEN,IND,0.680801916392979,yellow,-290.0,IND,-6.5,0.5041949824209445,red,2026-10-10,,,,,,,,-290.0,250.0,-298.0,250.0,0.7174027928307194,-0.08443880209220059,DraftKings,
live,nfl,2026-10-18,JAX,HOU,JAX,0.7094770682496016,green,-165.0,HOU,3.0,0.517671556195673,red,2026-10-10,,,,,,,,-165.0,145.0,-158.0,145.0,0.5999647347493104,0.13946317021905702,BetRivers,
live,nfl,2026-10-18,KC,LAC,KC,0.7679488318342934,green,-395.0,LAC,7.5,0.5074430585304521,red,2026-10-10,,,,,,,,-395.0,350.0,-395.0,350.0,0.7675747313610852,-0.0376337423848728,DraftKings,
live,nfl,2026-10-18,LA,ARI,LA,0.7323730822102554,green,-625.0,LA,-10.5,0.5139259251075864,red,2026-10-10,,,,,,,,-625.0,490.0,-625.0,490.0,0.8320251564768975,-0.15044722463610372,DraftKings,
live,nfl,2026-10-18,LV,BUF,BUF,0.5373136994639239,red,-225.0,BUF,-4.5,0.513116872084193,red,2026-10-10,,,,,,,,205.0,-225.0,205.0,-225.0,0.6677313980030668,-0.22388021188544321,DraftKings,
live,nfl,2026-10-18,NE,NYJ,NE,0.6757472976381594,yellow,-320.0,NE,-7.0,0.5074697664103369,red,2026-10-10,,,,,,,,-320.0,270.0,-320.0,270.0,0.7325042562216032,-0.11308167184991574,FanDuel,
live,nfl,2026-10-18,NYG,NO,NYG,0.5740483984190912,red,100.0,NO,-1.5,0.5163251002331177,red,2026-10-10,,,,,,,,100.0,-118.0,100.0,-118.0,0.48193824729694235,0.14809679683818233,FanDuel,
live,nfl,2026-10-18,PHI,CAR,CAR,0.5622215277591006,red,110.0,PHI,-2.5,0.5242888338287712,yellow,2026-10-10,,,,,,,,-122.0,110.0,-122.0,114.0,0.46224324949112416,0.18066520829411137,DraftKings,
live,nfl,2026-10-18,TB,PIT,TB,0.5298809924456673,red,114.0,PIT,-2.5,0.514112557613598,red,2026-10-10,,,,,,,,,,130.0,-138.0,,,,
live,mlb,2026-10-19,MIL,LAD,MIL,0.525302392111966,red,,,,,,2026-10-10,,,,,,,,,,,,,,,
live,nfl,2026-10-19,SF,WAS,SF,0.7786771830314432,green,-391.0,WAS,7.5,0.5096739725294558,red,2026-10-10,,,,,,,,-391.0,330.0,-390.0,330.0,0.7717040613642462,-0.022172642280208182,MyBookie.ag,
live,nba,2026-10-20,DET,BOS,DET,0.5471195781117042,red,,,,,,2026-10-10,,,,,,,,,,,,,,,
live,nba,2026-10-20,NY,PHI,NY,0.8047317579315834,green,,,,,,2026-10-10,,,,,,,,,,,,,,,
live,nba,2026-10-20,SA,OKC,SA,0.5699572177623803,red,,,,,,2026-10-10,,,,,,,,,,,,,,,
live,nba,2026-10-21,BKN,CHA,CHA,0.7873806109196398,green,,,,,,2026-10-10,,,,,,,,,,,,,,,
live,nba,2026-10-21,HOU,DAL,HOU,0.7369143836925263,green,,,,,,2026-10-10,,,,,,,,,,,,,,,
live,nba,2026-10-21,LAC,SAC,LAC,0.7504978916475042,green,,,,,,2026-10-10,,,,,,,,,,,,,,,
live,nba,2026-10-21,LAL,GS,LAL,0.632454256804566,yellow,,,,,,2026-10-10,,,,,,,,,,,,,,,
live,nba,2026-10-21,MEM,UTAH,MEM,0.5457782965545237,red,,,,,,2026-10-10,,,,,,,,,,,,,,,
live,nba,2026-10-21,MIA,MIN,MIA,0.5517159483426198,red,,,,,,2026-10-10,,,,,,,,,,,,,,,
live,nba,2026-10-21,NO,IND,NO,0.6231325693130364,yellow,,,,,,2026-10-10,,,,,,,,,,,,,,,
live,nba,2026-10-21,ORL,ATL,ORL,0.5195462738382945,red,,,,,,2026-10-10,,,,,,,,,,,,,,,
live,nba,2026-10-21,POR,PHX,POR,0.5568713796413102,red,,,,,,2026-10-10,,,,,,,,,,,,,,,
live,nba,2026-10-21,TOR,CHI,TOR,0.7256338921532897,green,,,,,,2026-10-10,,,,,,,,,,,,,,,
live,nba,2026-10-21,WSH,MIL,MIL,0.5223914142236528,red,,,,,,2026-10-10,,,,,,,,,,,,,,,
live,nba,2026-10-22,OKC,DEN,OKC,0.6903435472991359,yellow,,,,,,2026-10-10,,,,,,,,,,,,,,,
live,nba,2026-10-22,PHI,CLE,CLE,0.5384275204039873,red,,,,,,2026-10-10,,,,,,,,,,,,,,,
live,nba,2026-10-23,BOS,NY,NY,0.5562409746130381,red,,,,,,2026-10-10,,,,,,,,,,,,,,,
live,nba,2026-10-23,CHA,ATL,CHA,0.6575923556689607,yellow,,,,,,2026-10-10,,,,,,,,,,,,,,,
live,nba,2026-10-23,GS,MEM,GS,0.6772523894965824,yellow,,,,,,2026-10-10,,,,,,,,,,,,,,,
live,nba,2026-10-23,IND,DAL,IND,0.5394406957512795,red,,,,,,2026-10-10,,,,,,,,,,,,,,,
live,nba,2026-10-23,LAL,LAC,LAL,0.5481645203574343,red,,,,,,2026-10-10,,,,,,,,,,,,,,,
live,nba,2026-10-23,MIA,DET,DET,0.5724865980819981,red,,,,,,2026-10-10,,,,,,,,,,,,,,,
live,nba,2026-10-23,MIL,CHI,MIL,0.5081362430010832,red,,,,,,2026-10-10,,,,,,,,,,,,,,,
live,nba,2026-10-23,ORL,MIN,ORL,0.5273649309254402,red,,,,,,2026-10-10,,,,,,,,,,,,,,,
live,nba,2026-10-23,SA,HOU,SA,0.7082371193363955,green,,,,,,2026-10-10,,,,,,,,,,,,,,,
live,nba,2026-10-23,SAC,POR,POR,0.6362208017135322,yellow,,,,,,2026-10-10,,,,,,,,,,,,,,,
live,nba,2026-10-23,UTAH,NO,NO,0.5526300459642839,red,,,,,,2026-10-10,,,,,,,,,,,,,,,
live,nba,2026-10-23,WSH,TOR,TOR,0.7358308042340049,green,,,,,,2026-10-10,,,,,,,,,,,,,,,
live,nba,2026-10-24,ATL,HOU,ATL,0.509388905055675,red,,,,,,2026-10-10,,,,,,,,,,,,,,,
live,nba,2026-10-24,CHA,MIA,CHA,0.6679799161757491,yellow,,,,,,2026-10-10,,,,,,,,,,,,,,,
live,nba,2026-10-24,CHI,WSH,CHI,0.6725374735118785,yellow,,,,,,2026-10-10,,,,,,,,,,,,,,,
live,nba,2026-10-24,CLE,BKN,CLE,0.802578718868631,green,,,,,,2026-10-10,,,,,,,,,,,,,,,
live,nba,2026-10-24,DAL,SA,SA,0.7911654711662695,green,,,,,,2026-10-10,,,,,,,,,,,,,,,
live,nba,2026-10-24,DEN,NO,DEN,0.6960854233731913,yellow,,,,,,2026-10-10,,,,,,,,,,,,,,,
live,nba,2026-10-24,PHI,MIL,PHI,0.67496302855836,yellow,,,,,,2026-10-10,,,,,,,,,,,,,,,
live,nba,2026-10-24,PHX,GS,PHX,0.6011759081849134,yellow,,,,,,2026-10-10,,,,,,,,,,,,,,,
live,nba,2026-10-25,BKN,IND,IND,0.5459927802971973,red,,,,,,2026-10-10,,,,,,,,,,,,,,,
live,nba,2026-10-25,MIN,TOR,MIN,0.517601982590424,red,,,,,,2026-10-10,,,,,,,,,,,,,,,
live,nba,2026-10-25,NY,ORL,NY,0.7813526469347238,green,,,,,,2026-10-10,,,,,,,,,,,,,,,
live,nba,2026-10-25,OKC,LAC,OKC,0.7261529423777088,green,,,,,,2026-10-10,,,,,,,,,,,,,,,
live,nba,2026-10-25,PHI,DET,DET,0.6272758426983107,yellow,,,,,,2026-10-10,,,,,,,,,,,,,,,
live,nba,2026-10-25,SAC,MEM,SAC,0.5467761875593362,red,,,,,,2026-10-10,,,,,,,,,,,,,,,
live,nba,2026-10-25,UTAH,LAL,LAL,0.6501159208639745,yellow,,,,,,2026-10-10,,,,,,,,,,,,,,,
live,nba,2026-10-26,BOS,CHI,BOS,0.791453504957894,green,,,,,,2026-10-10,,,,,,,,,,,,,,,
live,nba,2026-10-26,CHA,WSH,CHA,0.8628757470649024,green,,,,,,2026-10-10,,,,,,,,,,,,,,,
live,nba,2026-10-26,CLE,MIN,CLE,0.5827591017164484,yellow,,,,,,2026-10-10,,,,,,,,,,,,,,,
live,nba,2026-10-26,DEN,GS,DEN,0.6788723128798316,yellow,,,,,,2026-10-10,,,,,,,,,,,,,,,
live,nba,2026-10-26,HOU,ATL,HOU,0.5941920646092057,yellow,,,,,,2026-10-10,,,,,,,,,,,,,,,
live,nba,2026-10-26,MIA,DAL,MIA,0.6982724352354892,yellow,,,,,,2026-10-10,,,,,,,,,,,,,,,
live,nba,2026-10-26,MIL,IND,MIL,0.5238211284371139,red,,,,,,2026-10-10,,,,,,,,,,,,,,,
live,nba,2026-10-26,OKC,PHX,OKC,0.7552117948552132,green,,,,,,2026-10-10,,,,,,,,,,,,,,,
live,nba,2026-10-26,UTAH,MEM,UTAH,0.562685628585043,red,,,,,,2026-10-10,,,,,,,,,,,,,,,
live,nba,2026-10-27,BOS,BKN,BOS,0.8549717352374546,green,,,,,,2026-10-10,,,,,,,,,,,,,,,
live,nba,2026-10-27,LAL,POR,LAL,0.5792550736658553,red,,,,,,2026-10-10,,,,,,,,,,,,,,,
live,nba,2026-10-27,NY,DET,NY,0.6584641228076566,yellow,,,,,,2026-10-10,,,,,,,,,,,,,,,
live,nba,2026-10-27,SA,SAC,SA,0.8872173011285632,green,,,,,,2026-10-10,,,,,,,,,,,,,,,
